image,mask
D:\ROSA\Coolyeah\Pengenalan Pola\tugas segmentasi sel darah\dataset\images\001.png,D:\ROSA\Coolyeah\Pengenalan Pola\tugas segmentasi sel darah\dataset\masks_origin\001.png
D:\ROSA\Coolyeah\Pengenalan Pola\tugas segmentasi sel darah\dataset\images\002.png,D:\ROSA\Coolyeah\Pengenalan Pola\tugas segmentasi sel darah\dataset\masks_origin\002.png
D:\ROSA\Coolyeah\Pengenalan Pola\tugas segmentasi sel darah\dataset\images\003.png,D:\ROSA\Coolyeah\Pengenalan Pola\tugas segmentasi sel darah\dataset\masks_origin\003.png
D:\ROSA\Coolyeah\Pengenalan Pola\tugas segmentasi sel darah\dataset\images\004.png,D:\ROSA\Coolyeah\Pengenalan Pola\tugas segmentasi sel darah\dataset\masks_origin\004.png
D:\ROSA\Coolyeah\Pengenalan Pola\tugas segmentasi sel darah\dataset\images\005.png,D:\ROSA\Coolyeah\Pengenalan Pola\tugas segmentasi sel darah\dataset\masks_origin\005.png
D:\ROSA\Coolyeah\Pengenalan Pola\tugas segmentasi sel darah\dataset\images\006.png,D:\ROSA\Coolyeah\Pengenalan Pola\tugas segmentasi sel darah\dataset\masks_origin\006.png
D:\ROSA\Coolyeah\Pengenalan Pola\tugas segmentasi sel darah\dataset\images\007.png,D:\ROSA\Coolyeah\Pengenalan Pola\tugas segmentasi sel darah\dataset\masks_origin\007.png
D:\ROSA\Coolyeah\Pengenalan Pola\tugas segmentasi sel darah\dataset\images\008.png,D:\ROSA\Coolyeah\Pengenalan Pola\tugas segmentasi sel darah\dataset\masks_origin\008.png
D:\ROSA\Coolyeah\Pengenalan Pola\tugas segmentasi sel darah\dataset\images\009.png,D:\ROSA\Coolyeah\Pengenalan Pola\tugas segmentasi sel darah\dataset\masks_origin\009.png
D:\ROSA\Coolyeah\Pengenalan Pola\tugas segmentasi sel darah\dataset\images\010.png,D:\ROSA\Coolyeah\Pengenalan Pola\tugas segmentasi sel darah\dataset\masks_origin\010.png
D:\ROSA\Coolyeah\Pengenalan Pola\tugas segmentasi sel darah\dataset\images\011.png,D:\ROSA\Coolyeah\Pengenalan Pola\tugas segmentasi sel darah\dataset\masks_origin\011.png
D:\ROSA\Coolyeah\Pengenalan Pola\tugas segmentasi sel darah\dataset\images\012.png,D:\ROSA\Coolyeah\Pengenalan Pola\tugas segmentasi sel darah\dataset\masks_origin\012.png
D:\ROSA\Coolyeah\Pengenalan Pola\tugas segmentasi sel darah\dataset\images\013.png,D:\ROSA\Coolyeah\Pengenalan Pola\tugas segmentasi sel darah\dataset\masks_origin\013.png
D:\ROSA\Coolyeah\Pengenalan Pola\tugas segmentasi sel darah\dataset\images\014.png,D:\ROSA\Coolyeah\Pengenalan Pola\tugas segmentasi sel darah\dataset\masks_origin\014.png
D:\ROSA\Coolyeah\Pengenalan Pola\tugas segmentasi sel darah\dataset\images\015.png,D:\ROSA\Coolyeah\Pengenalan Pola\tugas segmentasi sel darah\dataset\masks_origin\015.png
D:\ROSA\Coolyeah\Pengenalan Pola\tugas segmentasi sel darah\dataset\images\016.png,D:\ROSA\Coolyeah\Pengenalan Pola\tugas segmentasi sel darah\dataset\masks_origin\016.png
D:\ROSA\Coolyeah\Pengenalan Pola\tugas segmentasi sel darah\dataset\images\017.png,D:\ROSA\Coolyeah\Pengenalan Pola\tugas segmentasi sel darah\dataset\masks_origin\017.png
D:\ROSA\Coolyeah\Pengenalan Pola\tugas segmentasi sel darah\dataset\images\018.png,D:\ROSA\Coolyeah\Pengenalan Pola\tugas segmentasi sel darah\dataset\masks_origin\018.png
D:\ROSA\Coolyeah\Pengenalan Pola\tugas segmentasi sel darah\dataset\images\019.png,D:\ROSA\Coolyeah\Pengenalan Pola\tugas segmentasi sel darah\dataset\masks_origin\019.png
D:\ROSA\Coolyeah\Pengenalan Pola\tugas segmentasi sel darah\dataset\images\020.png,D:\ROSA\Coolyeah\Pengenalan Pola\tugas segmentasi sel darah\dataset\masks_origin\020.png
D:\ROSA\Coolyeah\Pengenalan Pola\tugas segmentasi sel darah\dataset\images\021.png,D:\ROSA\Coolyeah\Pengenalan Pola\tugas segmentasi sel darah\dataset\masks_origin\021.png
D:\ROSA\Coolyeah\Pengenalan Pola\tugas segmentasi sel darah\dataset\images\022.png,D:\ROSA\Coolyeah\Pengenalan Pola\tugas segmentasi sel darah\dataset\masks_origin\022.png
D:\ROSA\Coolyeah\Pengenalan Pola\tugas segmentasi sel darah\dataset\images\023.png,D:\ROSA\Coolyeah\Pengenalan Pola\tugas segmentasi sel darah\dataset\masks_origin\023.png
D:\ROSA\Coolyeah\Pengenalan Pola\tugas segmentasi sel darah\dataset\images\024.png,D:\ROSA\Coolyeah\Pengenalan Pola\tugas segmentasi sel darah\dataset\masks_origin\024.png
D:\ROSA\Coolyeah\Pengenalan Pola\tugas segmentasi sel darah\dataset\images\025.png,D:\ROSA\Coolyeah\Pengenalan Pola\tugas segmentasi sel darah\dataset\masks_origin\025.png
D:\ROSA\Coolyeah\Pengenalan Pola\tugas segmentasi sel darah\dataset\images\026.png,D:\ROSA\Coolyeah\Pengenalan Pola\tugas segmentasi sel darah\dataset\masks_origin\026.png
D:\ROSA\Coolyeah\Pengenalan Pola\tugas segmentasi sel darah\dataset\images\027.png,D:\ROSA\Coolyeah\Pengenalan Pola\tugas segmentasi sel darah\dataset\masks_origin\027.png
D:\ROSA\Coolyeah\Pengenalan Pola\tugas segmentasi sel darah\dataset\images\028.png,D:\ROSA\Coolyeah\Pengenalan Pola\tugas segmentasi sel darah\dataset\masks_origin\028.png
D:\ROSA\Coolyeah\Pengenalan Pola\tugas segmentasi sel darah\dataset\images\029.png,D:\ROSA\Coolyeah\Pengenalan Pola\tugas segmentasi sel darah\dataset\masks_origin\029.png
D:\ROSA\Coolyeah\Pengenalan Pola\tugas segmentasi sel darah\dataset\images\030.png,D:\ROSA\Coolyeah\Pengenalan Pola\tugas segmentasi sel darah\dataset\masks_origin\030.png
D:\ROSA\Coolyeah\Pengenalan Pola\tugas segmentasi sel darah\dataset\images\031.png,D:\ROSA\Coolyeah\Pengenalan Pola\tugas segmentasi sel darah\dataset\masks_origin\031.png
D:\ROSA\Coolyeah\Pengenalan Pola\tugas segmentasi sel darah\dataset\images\032.png,D:\ROSA\Coolyeah\Pengenalan Pola\tugas segmentasi sel darah\dataset\masks_origin\032.png
D:\ROSA\Coolyeah\Pengenalan Pola\tugas segmentasi sel darah\dataset\images\033.png,D:\ROSA\Coolyeah\Pengenalan Pola\tugas segmentasi sel darah\dataset\masks_origin\033.png
D:\ROSA\Coolyeah\Pengenalan Pola\tugas segmentasi sel darah\dataset\images\034.png,D:\ROSA\Coolyeah\Pengenalan Pola\tugas segmentasi sel darah\dataset\masks_origin\034.png
D:\ROSA\Coolyeah\Pengenalan Pola\tugas segmentasi sel darah\dataset\images\035.png,D:\ROSA\Coolyeah\Pengenalan Pola\tugas segmentasi sel darah\dataset\masks_origin\035.png
D:\ROSA\Coolyeah\Pengenalan Pola\tugas segmentasi sel darah\dataset\images\036.png,D:\ROSA\Coolyeah\Pengenalan Pola\tugas segmentasi sel darah\dataset\masks_origin\036.png
D:\ROSA\Coolyeah\Pengenalan Pola\tugas segmentasi sel darah\dataset\images\037.png,D:\ROSA\Coolyeah\Pengenalan Pola\tugas segmentasi sel darah\dataset\masks_origin\037.png
D:\ROSA\Coolyeah\Pengenalan Pola\tugas segmentasi sel darah\dataset\images\038.png,D:\ROSA\Coolyeah\Pengenalan Pola\tugas segmentasi sel darah\dataset\masks_origin\038.png
D:\ROSA\Coolyeah\Pengenalan Pola\tugas segmentasi sel darah\dataset\images\039.png,D:\ROSA\Coolyeah\Pengenalan Pola\tugas segmentasi sel darah\dataset\masks_origin\039.png
D:\ROSA\Coolyeah\Pengenalan Pola\tugas segmentasi sel darah\dataset\images\040.png,D:\ROSA\Coolyeah\Pengenalan Pola\tugas segmentasi sel darah\dataset\masks_origin\040.png
D:\ROSA\Coolyeah\Pengenalan Pola\tugas segmentasi sel darah\dataset\images\041.png,D:\ROSA\Coolyeah\Pengenalan Pola\tugas segmentasi sel darah\dataset\masks_origin\041.png
D:\ROSA\Coolyeah\Pengenalan Pola\tugas segmentasi sel darah\dataset\images\042.png,D:\ROSA\Coolyeah\Pengenalan Pola\tugas segmentasi sel darah\dataset\masks_origin\042.png
D:\ROSA\Coolyeah\Pengenalan Pola\tugas segmentasi sel darah\dataset\images\043.png,D:\ROSA\Coolyeah\Pengenalan Pola\tugas segmentasi sel darah\dataset\masks_origin\043.png
D:\ROSA\Coolyeah\Pengenalan Pola\tugas segmentasi sel darah\dataset\images\044.png,D:\ROSA\Coolyeah\Pengenalan Pola\tugas segmentasi sel darah\dataset\masks_origin\044.png
D:\ROSA\Coolyeah\Pengenalan Pola\tugas segmentasi sel darah\dataset\images\045.png,D:\ROSA\Coolyeah\Pengenalan Pola\tugas segmentasi sel darah\dataset\masks_origin\045.png
D:\ROSA\Coolyeah\Pengenalan Pola\tugas segmentasi sel darah\dataset\images\046.png,D:\ROSA\Coolyeah\Pengenalan Pola\tugas segmentasi sel darah\dataset\masks_origin\046.png
D:\ROSA\Coolyeah\Pengenalan Pola\tugas segmentasi sel darah\dataset\images\047.png,D:\ROSA\Coolyeah\Pengenalan Pola\tugas segmentasi sel darah\dataset\masks_origin\047.png
D:\ROSA\Coolyeah\Pengenalan Pola\tugas segmentasi sel darah\dataset\images\048.png,D:\ROSA\Coolyeah\Pengenalan Pola\tugas segmentasi sel darah\dataset\masks_origin\048.png
D:\ROSA\Coolyeah\Pengenalan Pola\tugas segmentasi sel darah\dataset\images\049.png,D:\ROSA\Coolyeah\Pengenalan Pola\tugas segmentasi sel darah\dataset\masks_origin\049.png
D:\ROSA\Coolyeah\Pengenalan Pola\tugas segmentasi sel darah\dataset\images\050.png,D:\ROSA\Coolyeah\Pengenalan Pola\tugas segmentasi sel darah\dataset\masks_origin\050.png
D:\ROSA\Coolyeah\Pengenalan Pola\tugas segmentasi sel darah\dataset\images\051.png,D:\ROSA\Coolyeah\Pengenalan Pola\tugas segmentasi sel darah\dataset\masks_origin\051.png
D:\ROSA\Coolyeah\Pengenalan Pola\tugas segmentasi sel darah\dataset\images\052.png,D:\ROSA\Coolyeah\Pengenalan Pola\tugas segmentasi sel darah\dataset\masks_origin\052.png
D:\ROSA\Coolyeah\Pengenalan Pola\tugas segmentasi sel darah\dataset\images\053.png,D:\ROSA\Coolyeah\Pengenalan Pola\tugas segmentasi sel darah\dataset\masks_origin\053.png
D:\ROSA\Coolyeah\Pengenalan Pola\tugas segmentasi sel darah\dataset\images\054.png,D:\ROSA\Coolyeah\Pengenalan Pola\tugas segmentasi sel darah\dataset\masks_origin\054.png
D:\ROSA\Coolyeah\Pengenalan Pola\tugas segmentasi sel darah\dataset\images\055.png,D:\ROSA\Coolyeah\Pengenalan Pola\tugas segmentasi sel darah\dataset\masks_origin\055.png
D:\ROSA\Coolyeah\Pengenalan Pola\tugas segmentasi sel darah\dataset\images\056.png,D:\ROSA\Coolyeah\Pengenalan Pola\tugas segmentasi sel darah\dataset\masks_origin\056.png
D:\ROSA\Coolyeah\Pengenalan Pola\tugas segmentasi sel darah\dataset\images\057.png,D:\ROSA\Coolyeah\Pengenalan Pola\tugas segmentasi sel darah\dataset\masks_origin\057.png
D:\ROSA\Coolyeah\Pengenalan Pola\tugas segmentasi sel darah\dataset\images\058.png,D:\ROSA\Coolyeah\Pengenalan Pola\tugas segmentasi sel darah\dataset\masks_origin\058.png
D:\ROSA\Coolyeah\Pengenalan Pola\tugas segmentasi sel darah\dataset\images\059.png,D:\ROSA\Coolyeah\Pengenalan Pola\tugas segmentasi sel darah\dataset\masks_origin\059.png
D:\ROSA\Coolyeah\Pengenalan Pola\tugas segmentasi sel darah\dataset\images\060.png,D:\ROSA\Coolyeah\Pengenalan Pola\tugas segmentasi sel darah\dataset\masks_origin\060.png
D:\ROSA\Coolyeah\Pengenalan Pola\tugas segmentasi sel darah\dataset\images\061.png,D:\ROSA\Coolyeah\Pengenalan Pola\tugas segmentasi sel darah\dataset\masks_origin\061.png
D:\ROSA\Coolyeah\Pengenalan Pola\tugas segmentasi sel darah\dataset\images\062.png,D:\ROSA\Coolyeah\Pengenalan Pola\tugas segmentasi sel darah\dataset\masks_origin\062.png
D:\ROSA\Coolyeah\Pengenalan Pola\tugas segmentasi sel darah\dataset\images\063.png,D:\ROSA\Coolyeah\Pengenalan Pola\tugas segmentasi sel darah\dataset\masks_origin\063.png
D:\ROSA\Coolyeah\Pengenalan Pola\tugas segmentasi sel darah\dataset\images\064.png,D:\ROSA\Coolyeah\Pengenalan Pola\tugas segmentasi sel darah\dataset\masks_origin\064.png
D:\ROSA\Coolyeah\Pengenalan Pola\tugas segmentasi sel darah\dataset\images\065.png,D:\ROSA\Coolyeah\Pengenalan Pola\tugas segmentasi sel darah\dataset\masks_origin\065.png
D:\ROSA\Coolyeah\Pengenalan Pola\tugas segmentasi sel darah\dataset\images\066.png,D:\ROSA\Coolyeah\Pengenalan Pola\tugas segmentasi sel darah\dataset\masks_origin\066.png
D:\ROSA\Coolyeah\Pengenalan Pola\tugas segmentasi sel darah\dataset\images\067.png,D:\ROSA\Coolyeah\Pengenalan Pola\tugas segmentasi sel darah\dataset\masks_origin\067.png
D:\ROSA\Coolyeah\Pengenalan Pola\tugas segmentasi sel darah\dataset\images\068.png,D:\ROSA\Coolyeah\Pengenalan Pola\tugas segmentasi sel darah\dataset\masks_origin\068.png
D:\ROSA\Coolyeah\Pengenalan Pola\tugas segmentasi sel darah\dataset\images\069.png,D:\ROSA\Coolyeah\Pengenalan Pola\tugas segmentasi sel darah\dataset\masks_origin\069.png
D:\ROSA\Coolyeah\Pengenalan Pola\tugas segmentasi sel darah\dataset\images\070.png,D:\ROSA\Coolyeah\Pengenalan Pola\tugas segmentasi sel darah\dataset\masks_origin\070.png
D:\ROSA\Coolyeah\Pengenalan Pola\tugas segmentasi sel darah\dataset\images\071.png,D:\ROSA\Coolyeah\Pengenalan Pola\tugas segmentasi sel darah\dataset\masks_origin\071.png
D:\ROSA\Coolyeah\Pengenalan Pola\tugas segmentasi sel darah\dataset\images\072.png,D:\ROSA\Coolyeah\Pengenalan Pola\tugas segmentasi sel darah\dataset\masks_origin\072.png
D:\ROSA\Coolyeah\Pengenalan Pola\tugas segmentasi sel darah\dataset\images\073.png,D:\ROSA\Coolyeah\Pengenalan Pola\tugas segmentasi sel darah\dataset\masks_origin\073.png
D:\ROSA\Coolyeah\Pengenalan Pola\tugas segmentasi sel darah\dataset\images\074.png,D:\ROSA\Coolyeah\Pengenalan Pola\tugas segmentasi sel darah\dataset\masks_origin\074.png
D:\ROSA\Coolyeah\Pengenalan Pola\tugas segmentasi sel darah\dataset\images\075.png,D:\ROSA\Coolyeah\Pengenalan Pola\tugas segmentasi sel darah\dataset\masks_origin\075.png
D:\ROSA\Coolyeah\Pengenalan Pola\tugas segmentasi sel darah\dataset\images\076.png,D:\ROSA\Coolyeah\Pengenalan Pola\tugas segmentasi sel darah\dataset\masks_origin\076.png
D:\ROSA\Coolyeah\Pengenalan Pola\tugas segmentasi sel darah\dataset\images\077.png,D:\ROSA\Coolyeah\Pengenalan Pola\tugas segmentasi sel darah\dataset\masks_origin\077.png
D:\ROSA\Coolyeah\Pengenalan Pola\tugas segmentasi sel darah\dataset\images\078.png,D:\ROSA\Coolyeah\Pengenalan Pola\tugas segmentasi sel darah\dataset\masks_origin\078.png
D:\ROSA\Coolyeah\Pengenalan Pola\tugas segmentasi sel darah\dataset\images\079.png,D:\ROSA\Coolyeah\Pengenalan Pola\tugas segmentasi sel darah\dataset\masks_origin\079.png
D:\ROSA\Coolyeah\Pengenalan Pola\tugas segmentasi sel darah\dataset\images\080.png,D:\ROSA\Coolyeah\Pengenalan Pola\tugas segmentasi sel darah\dataset\masks_origin\080.png
D:\ROSA\Coolyeah\Pengenalan Pola\tugas segmentasi sel darah\dataset\images\081.png,D:\ROSA\Coolyeah\Pengenalan Pola\tugas segmentasi sel darah\dataset\masks_origin\081.png
D:\ROSA\Coolyeah\Pengenalan Pola\tugas segmentasi sel darah\dataset\images\082.png,D:\ROSA\Coolyeah\Pengenalan Pola\tugas segmentasi sel darah\dataset\masks_origin\082.png
D:\ROSA\Coolyeah\Pengenalan Pola\tugas segmentasi sel darah\dataset\images\083.png,D:\ROSA\Coolyeah\Pengenalan Pola\tugas segmentasi sel darah\dataset\masks_origin\083.png
D:\ROSA\Coolyeah\Pengenalan Pola\tugas segmentasi sel darah\dataset\images\084.png,D:\ROSA\Coolyeah\Pengenalan Pola\tugas segmentasi sel darah\dataset\masks_origin\084.png
D:\ROSA\Coolyeah\Pengenalan Pola\tugas segmentasi sel darah\dataset\images\085.png,D:\ROSA\Coolyeah\Pengenalan Pola\tugas segmentasi sel darah\dataset\masks_origin\085.png
D:\ROSA\Coolyeah\Pengenalan Pola\tugas segmentasi sel darah\dataset\images\086.png,D:\ROSA\Coolyeah\Pengenalan Pola\tugas segmentasi sel darah\dataset\masks_origin\086.png
D:\ROSA\Coolyeah\Pengenalan Pola\tugas segmentasi sel darah\dataset\images\087.png,D:\ROSA\Coolyeah\Pengenalan Pola\tugas segmentasi sel darah\dataset\masks_origin\087.png
D:\ROSA\Coolyeah\Pengenalan Pola\tugas segmentasi sel darah\dataset\images\088.png,D:\ROSA\Coolyeah\Pengenalan Pola\tugas segmentasi sel darah\dataset\masks_origin\088.png
D:\ROSA\Coolyeah\Pengenalan Pola\tugas segmentasi sel darah\dataset\images\089.png,D:\ROSA\Coolyeah\Pengenalan Pola\tugas segmentasi sel darah\dataset\masks_origin\089.png
D:\ROSA\Coolyeah\Pengenalan Pola\tugas segmentasi sel darah\dataset\images\090.png,D:\ROSA\Coolyeah\Pengenalan Pola\tugas segmentasi sel darah\dataset\masks_origin\090.png
D:\ROSA\Coolyeah\Pengenalan Pola\tugas segmentasi sel darah\dataset\images\091.png,D:\ROSA\Coolyeah\Pengenalan Pola\tugas segmentasi sel darah\dataset\masks_origin\091.png
D:\ROSA\Coolyeah\Pengenalan Pola\tugas segmentasi sel darah\dataset\images\092.png,D:\ROSA\Coolyeah\Pengenalan Pola\tugas segmentasi sel darah\dataset\masks_origin\092.png
D:\ROSA\Coolyeah\Pengenalan Pola\tugas segmentasi sel darah\dataset\images\093.png,D:\ROSA\Coolyeah\Pengenalan Pola\tugas segmentasi sel darah\dataset\masks_origin\093.png
D:\ROSA\Coolyeah\Pengenalan Pola\tugas segmentasi sel darah\dataset\images\094.png,D:\ROSA\Coolyeah\Pengenalan Pola\tugas segmentasi sel darah\dataset\masks_origin\094.png
D:\ROSA\Coolyeah\Pengenalan Pola\tugas segmentasi sel darah\dataset\images\095.png,D:\ROSA\Coolyeah\Pengenalan Pola\tugas segmentasi sel darah\dataset\masks_origin\095.png
D:\ROSA\Coolyeah\Pengenalan Pola\tugas segmentasi sel darah\dataset\images\096.png,D:\ROSA\Coolyeah\Pengenalan Pola\tugas segmentasi sel darah\dataset\masks_origin\096.png
D:\ROSA\Coolyeah\Pengenalan Pola\tugas segmentasi sel darah\dataset\images\097.png,D:\ROSA\Coolyeah\Pengenalan Pola\tugas segmentasi sel darah\dataset\masks_origin\097.png
D:\ROSA\Coolyeah\Pengenalan Pola\tugas segmentasi sel darah\dataset\images\098.png,D:\ROSA\Coolyeah\Pengenalan Pola\tugas segmentasi sel darah\dataset\masks_origin\098.png
D:\ROSA\Coolyeah\Pengenalan Pola\tugas segmentasi sel darah\dataset\images\099.png,D:\ROSA\Coolyeah\Pengenalan Pola\tugas segmentasi sel darah\dataset\masks_origin\099.png
D:\ROSA\Coolyeah\Pengenalan Pola\tugas segmentasi sel darah\dataset\images\100.png,D:\ROSA\Coolyeah\Pengenalan Pola\tugas segmentasi sel darah\dataset\masks_origin\100.png
D:\ROSA\Coolyeah\Pengenalan Pola\tugas segmentasi sel darah\dataset\images\101.png,D:\ROSA\Coolyeah\Pengenalan Pola\tugas segmentasi sel darah\dataset\masks_origin\101.png
D:\ROSA\Coolyeah\Pengenalan Pola\tugas segmentasi sel darah\dataset\images\102.png,D:\ROSA\Coolyeah\Pengenalan Pola\tugas segmentasi sel darah\dataset\masks_origin\102.png
D:\ROSA\Coolyeah\Pengenalan Pola\tugas segmentasi sel darah\dataset\images\103.png,D:\ROSA\Coolyeah\Pengenalan Pola\tugas segmentasi sel darah\dataset\masks_origin\103.png
D:\ROSA\Coolyeah\Pengenalan Pola\tugas segmentasi sel darah\dataset\images\104.png,D:\ROSA\Coolyeah\Pengenalan Pola\tugas segmentasi sel darah\dataset\masks_origin\104.png
D:\ROSA\Coolyeah\Pengenalan Pola\tugas segmentasi sel darah\dataset\images\105.png,D:\ROSA\Coolyeah\Pengenalan Pola\tugas segmentasi sel darah\dataset\masks_origin\105.png
D:\ROSA\Coolyeah\Pengenalan Pola\tugas segmentasi sel darah\dataset\images\106.png,D:\ROSA\Coolyeah\Pengenalan Pola\tugas segmentasi sel darah\dataset\masks_origin\106.png
D:\ROSA\Coolyeah\Pengenalan Pola\tugas segmentasi sel darah\dataset\images\107.png,D:\ROSA\Coolyeah\Pengenalan Pola\tugas segmentasi sel darah\dataset\masks_origin\107.png
D:\ROSA\Coolyeah\Pengenalan Pola\tugas segmentasi sel darah\dataset\images\108.png,D:\ROSA\Coolyeah\Pengenalan Pola\tugas segmentasi sel darah\dataset\masks_origin\108.png
D:\ROSA\Coolyeah\Pengenalan Pola\tugas segmentasi sel darah\dataset\images\109.png,D:\ROSA\Coolyeah\Pengenalan Pola\tugas segmentasi sel darah\dataset\masks_origin\109.png
D:\ROSA\Coolyeah\Pengenalan Pola\tugas segmentasi sel darah\dataset\images\110.png,D:\ROSA\Coolyeah\Pengenalan Pola\tugas segmentasi sel darah\dataset\masks_origin\110.png
D:\ROSA\Coolyeah\Pengenalan Pola\tugas segmentasi sel darah\dataset\images\111.png,D:\ROSA\Coolyeah\Pengenalan Pola\tugas segmentasi sel darah\dataset\masks_origin\111.png
D:\ROSA\Coolyeah\Pengenalan Pola\tugas segmentasi sel darah\dataset\images\112.png,D:\ROSA\Coolyeah\Pengenalan Pola\tugas segmentasi sel darah\dataset\masks_origin\112.png
D:\ROSA\Coolyeah\Pengenalan Pola\tugas segmentasi sel darah\dataset\images\113.png,D:\ROSA\Coolyeah\Pengenalan Pola\tugas segmentasi sel darah\dataset\masks_origin\113.png
D:\ROSA\Coolyeah\Pengenalan Pola\tugas segmentasi sel darah\dataset\images\114.png,D:\ROSA\Coolyeah\Pengenalan Pola\tugas segmentasi sel darah\dataset\masks_origin\114.png
D:\ROSA\Coolyeah\Pengenalan Pola\tugas segmentasi sel darah\dataset\images\115.png,D:\ROSA\Coolyeah\Pengenalan Pola\tugas segmentasi sel darah\dataset\masks_origin\115.png
D:\ROSA\Coolyeah\Pengenalan Pola\tugas segmentasi sel darah\dataset\images\116.png,D:\ROSA\Coolyeah\Pengenalan Pola\tugas segmentasi sel darah\dataset\masks_origin\116.png
D:\ROSA\Coolyeah\Pengenalan Pola\tugas segmentasi sel darah\dataset\images\117.png,D:\ROSA\Coolyeah\Pengenalan Pola\tugas segmentasi sel darah\dataset\masks_origin\117.png
D:\ROSA\Coolyeah\Pengenalan Pola\tugas segmentasi sel darah\dataset\images\118.png,D:\ROSA\Coolyeah\Pengenalan Pola\tugas segmentasi sel darah\dataset\masks_origin\118.png
D:\ROSA\Coolyeah\Pengenalan Pola\tugas segmentasi sel darah\dataset\images\119.png,D:\ROSA\Coolyeah\Pengenalan Pola\tugas segmentasi sel darah\dataset\masks_origin\119.png
D:\ROSA\Coolyeah\Pengenalan Pola\tugas segmentasi sel darah\dataset\images\120.png,D:\ROSA\Coolyeah\Pengenalan Pola\tugas segmentasi sel darah\dataset\masks_origin\120.png
D:\ROSA\Coolyeah\Pengenalan Pola\tugas segmentasi sel darah\dataset\images\121.png,D:\ROSA\Coolyeah\Pengenalan Pola\tugas segmentasi sel darah\dataset\masks_origin\121.png
D:\ROSA\Coolyeah\Pengenalan Pola\tugas segmentasi sel darah\dataset\images\122.png,D:\ROSA\Coolyeah\Pengenalan Pola\tugas segmentasi sel darah\dataset\masks_origin\122.png
D:\ROSA\Coolyeah\Pengenalan Pola\tugas segmentasi sel darah\dataset\images\123.png,D:\ROSA\Coolyeah\Pengenalan Pola\tugas segmentasi sel darah\dataset\masks_origin\123.png
D:\ROSA\Coolyeah\Pengenalan Pola\tugas segmentasi sel darah\dataset\images\124.png,D:\ROSA\Coolyeah\Pengenalan Pola\tugas segmentasi sel darah\dataset\masks_origin\124.png
D:\ROSA\Coolyeah\Pengenalan Pola\tugas segmentasi sel darah\dataset\images\125.png,D:\ROSA\Coolyeah\Pengenalan Pola\tugas segmentasi sel darah\dataset\masks_origin\125.png
D:\ROSA\Coolyeah\Pengenalan Pola\tugas segmentasi sel darah\dataset\images\126.png,D:\ROSA\Coolyeah\Pengenalan Pola\tugas segmentasi sel darah\dataset\masks_origin\126.png
D:\ROSA\Coolyeah\Pengenalan Pola\tugas segmentasi sel darah\dataset\images\127.png,D:\ROSA\Coolyeah\Pengenalan Pola\tugas segmentasi sel darah\dataset\masks_origin\127.png
D:\ROSA\Coolyeah\Pengenalan Pola\tugas segmentasi sel darah\dataset\images\128.png,D:\ROSA\Coolyeah\Pengenalan Pola\tugas segmentasi sel darah\dataset\masks_origin\128.png
D:\ROSA\Coolyeah\Pengenalan Pola\tugas segmentasi sel darah\dataset\images\129.png,D:\ROSA\Coolyeah\Pengenalan Pola\tugas segmentasi sel darah\dataset\masks_origin\129.png
D:\ROSA\Coolyeah\Pengenalan Pola\tugas segmentasi sel darah\dataset\images\130.png,D:\ROSA\Coolyeah\Pengenalan Pola\tugas segmentasi sel darah\dataset\masks_origin\130.png
D:\ROSA\Coolyeah\Pengenalan Pola\tugas segmentasi sel darah\dataset\images\131.png,D:\ROSA\Coolyeah\Pengenalan Pola\tugas segmentasi sel darah\dataset\masks_origin\131.png
D:\ROSA\Coolyeah\Pengenalan Pola\tugas segmentasi sel darah\dataset\images\132.png,D:\ROSA\Coolyeah\Pengenalan Pola\tugas segmentasi sel darah\dataset\masks_origin\132.png
D:\ROSA\Coolyeah\Pengenalan Pola\tugas segmentasi sel darah\dataset\images\133.png,D:\ROSA\Coolyeah\Pengenalan Pola\tugas segmentasi sel darah\dataset\masks_origin\133.png
D:\ROSA\Coolyeah\Pengenalan Pola\tugas segmentasi sel darah\dataset\images\134.png,D:\ROSA\Coolyeah\Pengenalan Pola\tugas segmentasi sel darah\dataset\masks_origin\134.png
D:\ROSA\Coolyeah\Pengenalan Pola\tugas segmentasi sel darah\dataset\images\135.png,D:\ROSA\Coolyeah\Pengenalan Pola\tugas segmentasi sel darah\dataset\masks_origin\135.png
D:\ROSA\Coolyeah\Pengenalan Pola\tugas segmentasi sel darah\dataset\images\136.png,D:\ROSA\Coolyeah\Pengenalan Pola\tugas segmentasi sel darah\dataset\masks_origin\136.png
D:\ROSA\Coolyeah\Pengenalan Pola\tugas segmentasi sel darah\dataset\images\137.png,D:\ROSA\Coolyeah\Pengenalan Pola\tugas segmentasi sel darah\dataset\masks_origin\137.png
D:\ROSA\Coolyeah\Pengenalan Pola\tugas segmentasi sel darah\dataset\images\138.png,D:\ROSA\Coolyeah\Pengenalan Pola\tugas segmentasi sel darah\dataset\masks_origin\138.png
D:\ROSA\Coolyeah\Pengenalan Pola\tugas segmentasi sel darah\dataset\images\139.png,D:\ROSA\Coolyeah\Pengenalan Pola\tugas segmentasi sel darah\dataset\masks_origin\139.png
D:\ROSA\Coolyeah\Pengenalan Pola\tugas segmentasi sel darah\dataset\images\140.png,D:\ROSA\Coolyeah\Pengenalan Pola\tugas segmentasi sel darah\dataset\masks_origin\140.png
D:\ROSA\Coolyeah\Pengenalan Pola\tugas segmentasi sel darah\dataset\images\141.png,D:\ROSA\Coolyeah\Pengenalan Pola\tugas segmentasi sel darah\dataset\masks_origin\141.png
D:\ROSA\Coolyeah\Pengenalan Pola\tugas segmentasi sel darah\dataset\images\142.png,D:\ROSA\Coolyeah\Pengenalan Pola\tugas segmentasi sel darah\dataset\masks_origin\142.png
D:\ROSA\Coolyeah\Pengenalan Pola\tugas segmentasi sel darah\dataset\images\143.png,D:\ROSA\Coolyeah\Pengenalan Pola\tugas segmentasi sel darah\dataset\masks_origin\143.png
D:\ROSA\Coolyeah\Pengenalan Pola\tugas segmentasi sel darah\dataset\images\144.png,D:\ROSA\Coolyeah\Pengenalan Pola\tugas segmentasi sel darah\dataset\masks_origin\144.png
D:\ROSA\Coolyeah\Pengenalan Pola\tugas segmentasi sel darah\dataset\images\145.png,D:\ROSA\Coolyeah\Pengenalan Pola\tugas segmentasi sel darah\dataset\masks_origin\145.png
D:\ROSA\Coolyeah\Pengenalan Pola\tugas segmentasi sel darah\dataset\images\146.png,D:\ROSA\Coolyeah\Pengenalan Pola\tugas segmentasi sel darah\dataset\masks_origin\146.png
D:\ROSA\Coolyeah\Pengenalan Pola\tugas segmentasi sel darah\dataset\images\147.png,D:\ROSA\Coolyeah\Pengenalan Pola\tugas segmentasi sel darah\dataset\masks_origin\147.png
D:\ROSA\Coolyeah\Pengenalan Pola\tugas segmentasi sel darah\dataset\images\148.png,D:\ROSA\Coolyeah\Pengenalan Pola\tugas segmentasi sel darah\dataset\masks_origin\148.png
D:\ROSA\Coolyeah\Pengenalan Pola\tugas segmentasi sel darah\dataset\images\149.png,D:\ROSA\Coolyeah\Pengenalan Pola\tugas segmentasi sel darah\dataset\masks_origin\149.png
D:\ROSA\Coolyeah\Pengenalan Pola\tugas segmentasi sel darah\dataset\images\150.png,D:\ROSA\Coolyeah\Pengenalan Pola\tugas segmentasi sel darah\dataset\masks_origin\150.png
D:\ROSA\Coolyeah\Pengenalan Pola\tugas segmentasi sel darah\dataset\images\151.png,D:\ROSA\Coolyeah\Pengenalan Pola\tugas segmentasi sel darah\dataset\masks_origin\151.png
D:\ROSA\Coolyeah\Pengenalan Pola\tugas segmentasi sel darah\dataset\images\152.png,D:\ROSA\Coolyeah\Pengenalan Pola\tugas segmentasi sel darah\dataset\masks_origin\152.png
D:\ROSA\Coolyeah\Pengenalan Pola\tugas segmentasi sel darah\dataset\images\153.png,D:\ROSA\Coolyeah\Pengenalan Pola\tugas segmentasi sel darah\dataset\masks_origin\153.png
D:\ROSA\Coolyeah\Pengenalan Pola\tugas segmentasi sel darah\dataset\images\154.png,D:\ROSA\Coolyeah\Pengenalan Pola\tugas segmentasi sel darah\dataset\masks_origin\154.png
D:\ROSA\Coolyeah\Pengenalan Pola\tugas segmentasi sel darah\dataset\images\155.png,D:\ROSA\Coolyeah\Pengenalan Pola\tugas segmentasi sel darah\dataset\masks_origin\155.png
D:\ROSA\Coolyeah\Pengenalan Pola\tugas segmentasi sel darah\dataset\images\156.png,D:\ROSA\Coolyeah\Pengenalan Pola\tugas segmentasi sel darah\dataset\masks_origin\156.png
D:\ROSA\Coolyeah\Pengenalan Pola\tugas segmentasi sel darah\dataset\images\157.png,D:\ROSA\Coolyeah\Pengenalan Pola\tugas segmentasi sel darah\dataset\masks_origin\157.png
D:\ROSA\Coolyeah\Pengenalan Pola\tugas segmentasi sel darah\dataset\images\158.png,D:\ROSA\Coolyeah\Pengenalan Pola\tugas segmentasi sel darah\dataset\masks_origin\158.png
D:\ROSA\Coolyeah\Pengenalan Pola\tugas segmentasi sel darah\dataset\images\159.png,D:\ROSA\Coolyeah\Pengenalan Pola\tugas segmentasi sel darah\dataset\masks_origin\159.png
D:\ROSA\Coolyeah\Pengenalan Pola\tugas segmentasi sel darah\dataset\images\160.png,D:\ROSA\Coolyeah\Pengenalan Pola\tugas segmentasi sel darah\dataset\masks_origin\160.png
D:\ROSA\Coolyeah\Pengenalan Pola\tugas segmentasi sel darah\dataset\images\161.png,D:\ROSA\Coolyeah\Pengenalan Pola\tugas segmentasi sel darah\dataset\masks_origin\161.png
D:\ROSA\Coolyeah\Pengenalan Pola\tugas segmentasi sel darah\dataset\images\162.png,D:\ROSA\Coolyeah\Pengenalan Pola\tugas segmentasi sel darah\dataset\masks_origin\162.png
D:\ROSA\Coolyeah\Pengenalan Pola\tugas segmentasi sel darah\dataset\images\163.png,D:\ROSA\Coolyeah\Pengenalan Pola\tugas segmentasi sel darah\dataset\masks_origin\163.png
D:\ROSA\Coolyeah\Pengenalan Pola\tugas segmentasi sel darah\dataset\images\164.png,D:\ROSA\Coolyeah\Pengenalan Pola\tugas segmentasi sel darah\dataset\masks_origin\164.png
D:\ROSA\Coolyeah\Pengenalan Pola\tugas segmentasi sel darah\dataset\images\165.png,D:\ROSA\Coolyeah\Pengenalan Pola\tugas segmentasi sel darah\dataset\masks_origin\165.png
D:\ROSA\Coolyeah\Pengenalan Pola\tugas segmentasi sel darah\dataset\images\166.png,D:\ROSA\Coolyeah\Pengenalan Pola\tugas segmentasi sel darah\dataset\masks_origin\166.png
D:\ROSA\Coolyeah\Pengenalan Pola\tugas segmentasi sel darah\dataset\images\167.png,D:\ROSA\Coolyeah\Pengenalan Pola\tugas segmentasi sel darah\dataset\masks_origin\167.png
D:\ROSA\Coolyeah\Pengenalan Pola\tugas segmentasi sel darah\dataset\images\168.png,D:\ROSA\Coolyeah\Pengenalan Pola\tugas segmentasi sel darah\dataset\masks_origin\168.png
D:\ROSA\Coolyeah\Pengenalan Pola\tugas segmentasi sel darah\dataset\images\169.png,D:\ROSA\Coolyeah\Pengenalan Pola\tugas segmentasi sel darah\dataset\masks_origin\169.png
D:\ROSA\Coolyeah\Pengenalan Pola\tugas segmentasi sel darah\dataset\images\170.png,D:\ROSA\Coolyeah\Pengenalan Pola\tugas segmentasi sel darah\dataset\masks_origin\170.png
D:\ROSA\Coolyeah\Pengenalan Pola\tugas segmentasi sel darah\dataset\images\171.png,D:\ROSA\Coolyeah\Pengenalan Pola\tugas segmentasi sel darah\dataset\masks_origin\171.png
D:\ROSA\Coolyeah\Pengenalan Pola\tugas segmentasi sel darah\dataset\images\172.png,D:\ROSA\Coolyeah\Pengenalan Pola\tugas segmentasi sel darah\dataset\masks_origin\172.png
D:\ROSA\Coolyeah\Pengenalan Pola\tugas segmentasi sel darah\dataset\images\173.png,D:\ROSA\Coolyeah\Pengenalan Pola\tugas segmentasi sel darah\dataset\masks_origin\173.png
D:\ROSA\Coolyeah\Pengenalan Pola\tugas segmentasi sel darah\dataset\images\174.png,D:\ROSA\Coolyeah\Pengenalan Pola\tugas segmentasi sel darah\dataset\masks_origin\174.png
D:\ROSA\Coolyeah\Pengenalan Pola\tugas segmentasi sel darah\dataset\images\175.png,D:\ROSA\Coolyeah\Pengenalan Pola\tugas segmentasi sel darah\dataset\masks_origin\175.png
D:\ROSA\Coolyeah\Pengenalan Pola\tugas segmentasi sel darah\dataset\images\176.png,D:\ROSA\Coolyeah\Pengenalan Pola\tugas segmentasi sel darah\dataset\masks_origin\176.png
D:\ROSA\Coolyeah\Pengenalan Pola\tugas segmentasi sel darah\dataset\images\177.png,D:\ROSA\Coolyeah\Pengenalan Pola\tugas segmentasi sel darah\dataset\masks_origin\177.png
D:\ROSA\Coolyeah\Pengenalan Pola\tugas segmentasi sel darah\dataset\images\178.png,D:\ROSA\Coolyeah\Pengenalan Pola\tugas segmentasi sel darah\dataset\masks_origin\178.png
D:\ROSA\Coolyeah\Pengenalan Pola\tugas segmentasi sel darah\dataset\images\179.png,D:\ROSA\Coolyeah\Pengenalan Pola\tugas segmentasi sel darah\dataset\masks_origin\179.png
D:\ROSA\Coolyeah\Pengenalan Pola\tugas segmentasi sel darah\dataset\images\180.png,D:\ROSA\Coolyeah\Pengenalan Pola\tugas segmentasi sel darah\dataset\masks_origin\180.png
D:\ROSA\Coolyeah\Pengenalan Pola\tugas segmentasi sel darah\dataset\images\181.png,D:\ROSA\Coolyeah\Pengenalan Pola\tugas segmentasi sel darah\dataset\masks_origin\181.png
D:\ROSA\Coolyeah\Pengenalan Pola\tugas segmentasi sel darah\dataset\images\182.png,D:\ROSA\Coolyeah\Pengenalan Pola\tugas segmentasi sel darah\dataset\masks_origin\182.png
D:\ROSA\Coolyeah\Pengenalan Pola\tugas segmentasi sel darah\dataset\images\183.png,D:\ROSA\Coolyeah\Pengenalan Pola\tugas segmentasi sel darah\dataset\masks_origin\183.png
D:\ROSA\Coolyeah\Pengenalan Pola\tugas segmentasi sel darah\dataset\images\184.png,D:\ROSA\Coolyeah\Pengenalan Pola\tugas segmentasi sel darah\dataset\masks_origin\184.png
D:\ROSA\Coolyeah\Pengenalan Pola\tugas segmentasi sel darah\dataset\images\185.png,D:\ROSA\Coolyeah\Pengenalan Pola\tugas segmentasi sel darah\dataset\masks_origin\185.png
D:\ROSA\Coolyeah\Pengenalan Pola\tugas segmentasi sel darah\dataset\images\186.png,D:\ROSA\Coolyeah\Pengenalan Pola\tugas segmentasi sel darah\dataset\masks_origin\186.png
D:\ROSA\Coolyeah\Pengenalan Pola\tugas segmentasi sel darah\dataset\images\187.png,D:\ROSA\Coolyeah\Pengenalan Pola\tugas segmentasi sel darah\dataset\masks_origin\187.png
D:\ROSA\Coolyeah\Pengenalan Pola\tugas segmentasi sel darah\dataset\images\188.png,D:\ROSA\Coolyeah\Pengenalan Pola\tugas segmentasi sel darah\dataset\masks_origin\188.png
D:\ROSA\Coolyeah\Pengenalan Pola\tugas segmentasi sel darah\dataset\images\189.png,D:\ROSA\Coolyeah\Pengenalan Pola\tugas segmentasi sel darah\dataset\masks_origin\189.png
D:\ROSA\Coolyeah\Pengenalan Pola\tugas segmentasi sel darah\dataset\images\190.png,D:\ROSA\Coolyeah\Pengenalan Pola\tugas segmentasi sel darah\dataset\masks_origin\190.png
D:\ROSA\Coolyeah\Pengenalan Pola\tugas segmentasi sel darah\dataset\images\191.png,D:\ROSA\Coolyeah\Pengenalan Pola\tugas segmentasi sel darah\dataset\masks_origin\191.png
D:\ROSA\Coolyeah\Pengenalan Pola\tugas segmentasi sel darah\dataset\images\192.png,D:\ROSA\Coolyeah\Pengenalan Pola\tugas segmentasi sel darah\dataset\masks_origin\192.png
D:\ROSA\Coolyeah\Pengenalan Pola\tugas segmentasi sel darah\dataset\images\193.png,D:\ROSA\Coolyeah\Pengenalan Pola\tugas segmentasi sel darah\dataset\masks_origin\193.png
D:\ROSA\Coolyeah\Pengenalan Pola\tugas segmentasi sel darah\dataset\images\194.png,D:\ROSA\Coolyeah\Pengenalan Pola\tugas segmentasi sel darah\dataset\masks_origin\194.png
D:\ROSA\Coolyeah\Pengenalan Pola\tugas segmentasi sel darah\dataset\images\195.png,D:\ROSA\Coolyeah\Pengenalan Pola\tugas segmentasi sel darah\dataset\masks_origin\195.png
D:\ROSA\Coolyeah\Pengenalan Pola\tugas segmentasi sel darah\dataset\images\196.png,D:\ROSA\Coolyeah\Pengenalan Pola\tugas segmentasi sel darah\dataset\masks_origin\196.png
D:\ROSA\Coolyeah\Pengenalan Pola\tugas segmentasi sel darah\dataset\images\197.png,D:\ROSA\Coolyeah\Pengenalan Pola\tugas segmentasi sel darah\dataset\masks_origin\197.png
D:\ROSA\Coolyeah\Pengenalan Pola\tugas segmentasi sel darah\dataset\images\198.png,D:\ROSA\Coolyeah\Pengenalan Pola\tugas segmentasi sel darah\dataset\masks_origin\198.png
D:\ROSA\Coolyeah\Pengenalan Pola\tugas segmentasi sel darah\dataset\images\199.png,D:\ROSA\Coolyeah\Pengenalan Pola\tugas segmentasi sel darah\dataset\masks_origin\199.png
D:\ROSA\Coolyeah\Pengenalan Pola\tugas segmentasi sel darah\dataset\images\200.png,D:\ROSA\Coolyeah\Pengenalan Pola\tugas segmentasi sel darah\dataset\masks_origin\200.png
D:\ROSA\Coolyeah\Pengenalan Pola\tugas segmentasi sel darah\dataset\images\201.png,D:\ROSA\Coolyeah\Pengenalan Pola\tugas segmentasi sel darah\dataset\masks_origin\201.png
D:\ROSA\Coolyeah\Pengenalan Pola\tugas segmentasi sel darah\dataset\images\202.png,D:\ROSA\Coolyeah\Pengenalan Pola\tugas segmentasi sel darah\dataset\masks_origin\202.png
D:\ROSA\Coolyeah\Pengenalan Pola\tugas segmentasi sel darah\dataset\images\203.png,D:\ROSA\Coolyeah\Pengenalan Pola\tugas segmentasi sel darah\dataset\masks_origin\203.png
D:\ROSA\Coolyeah\Pengenalan Pola\tugas segmentasi sel darah\dataset\images\204.png,D:\ROSA\Coolyeah\Pengenalan Pola\tugas segmentasi sel darah\dataset\masks_origin\204.png
D:\ROSA\Coolyeah\Pengenalan Pola\tugas segmentasi sel darah\dataset\images\205.png,D:\ROSA\Coolyeah\Pengenalan Pola\tugas segmentasi sel darah\dataset\masks_origin\205.png
D:\ROSA\Coolyeah\Pengenalan Pola\tugas segmentasi sel darah\dataset\images\206.png,D:\ROSA\Coolyeah\Pengenalan Pola\tugas segmentasi sel darah\dataset\masks_origin\206.png
D:\ROSA\Coolyeah\Pengenalan Pola\tugas segmentasi sel darah\dataset\images\207.png,D:\ROSA\Coolyeah\Pengenalan Pola\tugas segmentasi sel darah\dataset\masks_origin\207.png
D:\ROSA\Coolyeah\Pengenalan Pola\tugas segmentasi sel darah\dataset\images\208.png,D:\ROSA\Coolyeah\Pengenalan Pola\tugas segmentasi sel darah\dataset\masks_origin\208.png
D:\ROSA\Coolyeah\Pengenalan Pola\tugas segmentasi sel darah\dataset\images\209.png,D:\ROSA\Coolyeah\Pengenalan Pola\tugas segmentasi sel darah\dataset\masks_origin\209.png
D:\ROSA\Coolyeah\Pengenalan Pola\tugas segmentasi sel darah\dataset\images\210.png,D:\ROSA\Coolyeah\Pengenalan Pola\tugas segmentasi sel darah\dataset\masks_origin\210.png
D:\ROSA\Coolyeah\Pengenalan Pola\tugas segmentasi sel darah\dataset\images\211.png,D:\ROSA\Coolyeah\Pengenalan Pola\tugas segmentasi sel darah\dataset\masks_origin\211.png
D:\ROSA\Coolyeah\Pengenalan Pola\tugas segmentasi sel darah\dataset\images\212.png,D:\ROSA\Coolyeah\Pengenalan Pola\tugas segmentasi sel darah\dataset\masks_origin\212.png
D:\ROSA\Coolyeah\Pengenalan Pola\tugas segmentasi sel darah\dataset\images\213.png,D:\ROSA\Coolyeah\Pengenalan Pola\tugas segmentasi sel darah\dataset\masks_origin\213.png
D:\ROSA\Coolyeah\Pengenalan Pola\tugas segmentasi sel darah\dataset\images\214.png,D:\ROSA\Coolyeah\Pengenalan Pola\tugas segmentasi sel darah\dataset\masks_origin\214.png
D:\ROSA\Coolyeah\Pengenalan Pola\tugas segmentasi sel darah\dataset\images\215.png,D:\ROSA\Coolyeah\Pengenalan Pola\tugas segmentasi sel darah\dataset\masks_origin\215.png
D:\ROSA\Coolyeah\Pengenalan Pola\tugas segmentasi sel darah\dataset\images\216.png,D:\ROSA\Coolyeah\Pengenalan Pola\tugas segmentasi sel darah\dataset\masks_origin\216.png
D:\ROSA\Coolyeah\Pengenalan Pola\tugas segmentasi sel darah\dataset\images\217.png,D:\ROSA\Coolyeah\Pengenalan Pola\tugas segmentasi sel darah\dataset\masks_origin\217.png
D:\ROSA\Coolyeah\Pengenalan Pola\tugas segmentasi sel darah\dataset\images\218.png,D:\ROSA\Coolyeah\Pengenalan Pola\tugas segmentasi sel darah\dataset\masks_origin\218.png
D:\ROSA\Coolyeah\Pengenalan Pola\tugas segmentasi sel darah\dataset\images\219.png,D:\ROSA\Coolyeah\Pengenalan Pola\tugas segmentasi sel darah\dataset\masks_origin\219.png
D:\ROSA\Coolyeah\Pengenalan Pola\tugas segmentasi sel darah\dataset\images\220.png,D:\ROSA\Coolyeah\Pengenalan Pola\tugas segmentasi sel darah\dataset\masks_origin\220.png
D:\ROSA\Coolyeah\Pengenalan Pola\tugas segmentasi sel darah\dataset\images\221.png,D:\ROSA\Coolyeah\Pengenalan Pola\tugas segmentasi sel darah\dataset\masks_origin\221.png
D:\ROSA\Coolyeah\Pengenalan Pola\tugas segmentasi sel darah\dataset\images\222.png,D:\ROSA\Coolyeah\Pengenalan Pola\tugas segmentasi sel darah\dataset\masks_origin\222.png
D:\ROSA\Coolyeah\Pengenalan Pola\tugas segmentasi sel darah\dataset\images\223.png,D:\ROSA\Coolyeah\Pengenalan Pola\tugas segmentasi sel darah\dataset\masks_origin\223.png
D:\ROSA\Coolyeah\Pengenalan Pola\tugas segmentasi sel darah\dataset\images\224.png,D:\ROSA\Coolyeah\Pengenalan Pola\tugas segmentasi sel darah\dataset\masks_origin\224.png
D:\ROSA\Coolyeah\Pengenalan Pola\tugas segmentasi sel darah\dataset\images\225.png,D:\ROSA\Coolyeah\Pengenalan Pola\tugas segmentasi sel darah\dataset\masks_origin\225.png
D:\ROSA\Coolyeah\Pengenalan Pola\tugas segmentasi sel darah\dataset\images\226.png,D:\ROSA\Coolyeah\Pengenalan Pola\tugas segmentasi sel darah\dataset\masks_origin\226.png
D:\ROSA\Coolyeah\Pengenalan Pola\tugas segmentasi sel darah\dataset\images\227.png,D:\ROSA\Coolyeah\Pengenalan Pola\tugas segmentasi sel darah\dataset\masks_origin\227.png
D:\ROSA\Coolyeah\Pengenalan Pola\tugas segmentasi sel darah\dataset\images\228.png,D:\ROSA\Coolyeah\Pengenalan Pola\tugas segmentasi sel darah\dataset\masks_origin\228.png
D:\ROSA\Coolyeah\Pengenalan Pola\tugas segmentasi sel darah\dataset\images\229.png,D:\ROSA\Coolyeah\Pengenalan Pola\tugas segmentasi sel darah\dataset\masks_origin\229.png
D:\ROSA\Coolyeah\Pengenalan Pola\tugas segmentasi sel darah\dataset\images\230.png,D:\ROSA\Coolyeah\Pengenalan Pola\tugas segmentasi sel darah\dataset\masks_origin\230.png
D:\ROSA\Coolyeah\Pengenalan Pola\tugas segmentasi sel darah\dataset\images\231.png,D:\ROSA\Coolyeah\Pengenalan Pola\tugas segmentasi sel darah\dataset\masks_origin\231.png
D:\ROSA\Coolyeah\Pengenalan Pola\tugas segmentasi sel darah\dataset\images\232.png,D:\ROSA\Coolyeah\Pengenalan Pola\tugas segmentasi sel darah\dataset\masks_origin\232.png
D:\ROSA\Coolyeah\Pengenalan Pola\tugas segmentasi sel darah\dataset\images\233.png,D:\ROSA\Coolyeah\Pengenalan Pola\tugas segmentasi sel darah\dataset\masks_origin\233.png
D:\ROSA\Coolyeah\Pengenalan Pola\tugas segmentasi sel darah\dataset\images\234.png,D:\ROSA\Coolyeah\Pengenalan Pola\tugas segmentasi sel darah\dataset\masks_origin\234.png
D:\ROSA\Coolyeah\Pengenalan Pola\tugas segmentasi sel darah\dataset\images\235.png,D:\ROSA\Coolyeah\Pengenalan Pola\tugas segmentasi sel darah\dataset\masks_origin\235.png
D:\ROSA\Coolyeah\Pengenalan Pola\tugas segmentasi sel darah\dataset\images\236.png,D:\ROSA\Coolyeah\Pengenalan Pola\tugas segmentasi sel darah\dataset\masks_origin\236.png
D:\ROSA\Coolyeah\Pengenalan Pola\tugas segmentasi sel darah\dataset\images\237.png,D:\ROSA\Coolyeah\Pengenalan Pola\tugas segmentasi sel darah\dataset\masks_origin\237.png
D:\ROSA\Coolyeah\Pengenalan Pola\tugas segmentasi sel darah\dataset\images\238.png,D:\ROSA\Coolyeah\Pengenalan Pola\tugas segmentasi sel darah\dataset\masks_origin\238.png
D:\ROSA\Coolyeah\Pengenalan Pola\tugas segmentasi sel darah\dataset\images\239.png,D:\ROSA\Coolyeah\Pengenalan Pola\tugas segmentasi sel darah\dataset\masks_origin\239.png
D:\ROSA\Coolyeah\Pengenalan Pola\tugas segmentasi sel darah\dataset\images\240.png,D:\ROSA\Coolyeah\Pengenalan Pola\tugas segmentasi sel darah\dataset\masks_origin\240.png
D:\ROSA\Coolyeah\Pengenalan Pola\tugas segmentasi sel darah\dataset\images\241.png,D:\ROSA\Coolyeah\Pengenalan Pola\tugas segmentasi sel darah\dataset\masks_origin\241.png
D:\ROSA\Coolyeah\Pengenalan Pola\tugas segmentasi sel darah\dataset\images\242.png,D:\ROSA\Coolyeah\Pengenalan Pola\tugas segmentasi sel darah\dataset\masks_origin\242.png
D:\ROSA\Coolyeah\Pengenalan Pola\tugas segmentasi sel darah\dataset\images\243.png,D:\ROSA\Coolyeah\Pengenalan Pola\tugas segmentasi sel darah\dataset\masks_origin\243.png
D:\ROSA\Coolyeah\Pengenalan Pola\tugas segmentasi sel darah\dataset\images\244.png,D:\ROSA\Coolyeah\Pengenalan Pola\tugas segmentasi sel darah\dataset\masks_origin\244.png
D:\ROSA\Coolyeah\Pengenalan Pola\tugas segmentasi sel darah\dataset\images\245.png,D:\ROSA\Coolyeah\Pengenalan Pola\tugas segmentasi sel darah\dataset\masks_origin\245.png
D:\ROSA\Coolyeah\Pengenalan Pola\tugas segmentasi sel darah\dataset\images\246.png,D:\ROSA\Coolyeah\Pengenalan Pola\tugas segmentasi sel darah\dataset\masks_origin\246.png
D:\ROSA\Coolyeah\Pengenalan Pola\tugas segmentasi sel darah\dataset\images\247.png,D:\ROSA\Coolyeah\Pengenalan Pola\tugas segmentasi sel darah\dataset\masks_origin\247.png
D:\ROSA\Coolyeah\Pengenalan Pola\tugas segmentasi sel darah\dataset\images\248.png,D:\ROSA\Coolyeah\Pengenalan Pola\tugas segmentasi sel darah\dataset\masks_origin\248.png
D:\ROSA\Coolyeah\Pengenalan Pola\tugas segmentasi sel darah\dataset\images\249.png,D:\ROSA\Coolyeah\Pengenalan Pola\tugas segmentasi sel darah\dataset\masks_origin\249.png
D:\ROSA\Coolyeah\Pengenalan Pola\tugas segmentasi sel darah\dataset\images\250.png,D:\ROSA\Coolyeah\Pengenalan Pola\tugas segmentasi sel darah\dataset\masks_origin\250.png
D:\ROSA\Coolyeah\Pengenalan Pola\tugas segmentasi sel darah\dataset\images\251.png,D:\ROSA\Coolyeah\Pengenalan Pola\tugas segmentasi sel darah\dataset\masks_origin\251.png
D:\ROSA\Coolyeah\Pengenalan Pola\tugas segmentasi sel darah\dataset\images\252.png,D:\ROSA\Coolyeah\Pengenalan Pola\tugas segmentasi sel darah\dataset\masks_origin\252.png
D:\ROSA\Coolyeah\Pengenalan Pola\tugas segmentasi sel darah\dataset\images\253.png,D:\ROSA\Coolyeah\Pengenalan Pola\tugas segmentasi sel darah\dataset\masks_origin\253.png
D:\ROSA\Coolyeah\Pengenalan Pola\tugas segmentasi sel darah\dataset\images\254.png,D:\ROSA\Coolyeah\Pengenalan Pola\tugas segmentasi sel darah\dataset\masks_origin\254.png
D:\ROSA\Coolyeah\Pengenalan Pola\tugas segmentasi sel darah\dataset\images\255.png,D:\ROSA\Coolyeah\Pengenalan Pola\tugas segmentasi sel darah\dataset\masks_origin\255.png
D:\ROSA\Coolyeah\Pengenalan Pola\tugas segmentasi sel darah\dataset\images\256.png,D:\ROSA\Coolyeah\Pengenalan Pola\tugas segmentasi sel darah\dataset\masks_origin\256.png
D:\ROSA\Coolyeah\Pengenalan Pola\tugas segmentasi sel darah\dataset\images\257.png,D:\ROSA\Coolyeah\Pengenalan Pola\tugas segmentasi sel darah\dataset\masks_origin\257.png
D:\ROSA\Coolyeah\Pengenalan Pola\tugas segmentasi sel darah\dataset\images\258.png,D:\ROSA\Coolyeah\Pengenalan Pola\tugas segmentasi sel darah\dataset\masks_origin\258.png
D:\ROSA\Coolyeah\Pengenalan Pola\tugas segmentasi sel darah\dataset\images\259.png,D:\ROSA\Coolyeah\Pengenalan Pola\tugas segmentasi sel darah\dataset\masks_origin\259.png
D:\ROSA\Coolyeah\Pengenalan Pola\tugas segmentasi sel darah\dataset\images\260.png,D:\ROSA\Coolyeah\Pengenalan Pola\tugas segmentasi sel darah\dataset\masks_origin\260.png
D:\ROSA\Coolyeah\Pengenalan Pola\tugas segmentasi sel darah\dataset\images\261.png,D:\ROSA\Coolyeah\Pengenalan Pola\tugas segmentasi sel darah\dataset\masks_origin\261.png
D:\ROSA\Coolyeah\Pengenalan Pola\tugas segmentasi sel darah\dataset\images\262.png,D:\ROSA\Coolyeah\Pengenalan Pola\tugas segmentasi sel darah\dataset\masks_origin\262.png
D:\ROSA\Coolyeah\Pengenalan Pola\tugas segmentasi sel darah\dataset\images\263.png,D:\ROSA\Coolyeah\Pengenalan Pola\tugas segmentasi sel darah\dataset\masks_origin\263.png
D:\ROSA\Coolyeah\Pengenalan Pola\tugas segmentasi sel darah\dataset\images\264.png,D:\ROSA\Coolyeah\Pengenalan Pola\tugas segmentasi sel darah\dataset\masks_origin\264.png
D:\ROSA\Coolyeah\Pengenalan Pola\tugas segmentasi sel darah\dataset\images\265.png,D:\ROSA\Coolyeah\Pengenalan Pola\tugas segmentasi sel darah\dataset\masks_origin\265.png
D:\ROSA\Coolyeah\Pengenalan Pola\tugas segmentasi sel darah\dataset\images\266.png,D:\ROSA\Coolyeah\Pengenalan Pola\tugas segmentasi sel darah\dataset\masks_origin\266.png
D:\ROSA\Coolyeah\Pengenalan Pola\tugas segmentasi sel darah\dataset\images\267.png,D:\ROSA\Coolyeah\Pengenalan Pola\tugas segmentasi sel darah\dataset\masks_origin\267.png
D:\ROSA\Coolyeah\Pengenalan Pola\tugas segmentasi sel darah\dataset\images\268.png,D:\ROSA\Coolyeah\Pengenalan Pola\tugas segmentasi sel darah\dataset\masks_origin\268.png
D:\ROSA\Coolyeah\Pengenalan Pola\tugas segmentasi sel darah\dataset\images\269.png,D:\ROSA\Coolyeah\Pengenalan Pola\tugas segmentasi sel darah\dataset\masks_origin\269.png
D:\ROSA\Coolyeah\Pengenalan Pola\tugas segmentasi sel darah\dataset\images\270.png,D:\ROSA\Coolyeah\Pengenalan Pola\tugas segmentasi sel darah\dataset\masks_origin\270.png
D:\ROSA\Coolyeah\Pengenalan Pola\tugas segmentasi sel darah\dataset\images\271.png,D:\ROSA\Coolyeah\Pengenalan Pola\tugas segmentasi sel darah\dataset\masks_origin\271.png
D:\ROSA\Coolyeah\Pengenalan Pola\tugas segmentasi sel darah\dataset\images\272.png,D:\ROSA\Coolyeah\Pengenalan Pola\tugas segmentasi sel darah\dataset\masks_origin\272.png
D:\ROSA\Coolyeah\Pengenalan Pola\tugas segmentasi sel darah\dataset\images\273.png,D:\ROSA\Coolyeah\Pengenalan Pola\tugas segmentasi sel darah\dataset\masks_origin\273.png
D:\ROSA\Coolyeah\Pengenalan Pola\tugas segmentasi sel darah\dataset\images\274.png,D:\ROSA\Coolyeah\Pengenalan Pola\tugas segmentasi sel darah\dataset\masks_origin\274.png
D:\ROSA\Coolyeah\Pengenalan Pola\tugas segmentasi sel darah\dataset\images\275.png,D:\ROSA\Coolyeah\Pengenalan Pola\tugas segmentasi sel darah\dataset\masks_origin\275.png
D:\ROSA\Coolyeah\Pengenalan Pola\tugas segmentasi sel darah\dataset\images\276.png,D:\ROSA\Coolyeah\Pengenalan Pola\tugas segmentasi sel darah\dataset\masks_origin\276.png
D:\ROSA\Coolyeah\Pengenalan Pola\tugas segmentasi sel darah\dataset\images\277.png,D:\ROSA\Coolyeah\Pengenalan Pola\tugas segmentasi sel darah\dataset\masks_origin\277.png
D:\ROSA\Coolyeah\Pengenalan Pola\tugas segmentasi sel darah\dataset\images\278.png,D:\ROSA\Coolyeah\Pengenalan Pola\tugas segmentasi sel darah\dataset\masks_origin\278.png
D:\ROSA\Coolyeah\Pengenalan Pola\tugas segmentasi sel darah\dataset\images\279.png,D:\ROSA\Coolyeah\Pengenalan Pola\tugas segmentasi sel darah\dataset\masks_origin\279.png
D:\ROSA\Coolyeah\Pengenalan Pola\tugas segmentasi sel darah\dataset\images\280.png,D:\ROSA\Coolyeah\Pengenalan Pola\tugas segmentasi sel darah\dataset\masks_origin\280.png
D:\ROSA\Coolyeah\Pengenalan Pola\tugas segmentasi sel darah\dataset\images\281.png,D:\ROSA\Coolyeah\Pengenalan Pola\tugas segmentasi sel darah\dataset\masks_origin\281.png
D:\ROSA\Coolyeah\Pengenalan Pola\tugas segmentasi sel darah\dataset\images\282.png,D:\ROSA\Coolyeah\Pengenalan Pola\tugas segmentasi sel darah\dataset\masks_origin\282.png
D:\ROSA\Coolyeah\Pengenalan Pola\tugas segmentasi sel darah\dataset\images\283.png,D:\ROSA\Coolyeah\Pengenalan Pola\tugas segmentasi sel darah\dataset\masks_origin\283.png
D:\ROSA\Coolyeah\Pengenalan Pola\tugas segmentasi sel darah\dataset\images\284.png,D:\ROSA\Coolyeah\Pengenalan Pola\tugas segmentasi sel darah\dataset\masks_origin\284.png
D:\ROSA\Coolyeah\Pengenalan Pola\tugas segmentasi sel darah\dataset\images\285.png,D:\ROSA\Coolyeah\Pengenalan Pola\tugas segmentasi sel darah\dataset\masks_origin\285.png
D:\ROSA\Coolyeah\Pengenalan Pola\tugas segmentasi sel darah\dataset\images\286.png,D:\ROSA\Coolyeah\Pengenalan Pola\tugas segmentasi sel darah\dataset\masks_origin\286.png
D:\ROSA\Coolyeah\Pengenalan Pola\tugas segmentasi sel darah\dataset\images\287.png,D:\ROSA\Coolyeah\Pengenalan Pola\tugas segmentasi sel darah\dataset\masks_origin\287.png
D:\ROSA\Coolyeah\Pengenalan Pola\tugas segmentasi sel darah\dataset\images\288.png,D:\ROSA\Coolyeah\Pengenalan Pola\tugas segmentasi sel darah\dataset\masks_origin\288.png
D:\ROSA\Coolyeah\Pengenalan Pola\tugas segmentasi sel darah\dataset\images\289.png,D:\ROSA\Coolyeah\Pengenalan Pola\tugas segmentasi sel darah\dataset\masks_origin\289.png
D:\ROSA\Coolyeah\Pengenalan Pola\tugas segmentasi sel darah\dataset\images\290.png,D:\ROSA\Coolyeah\Pengenalan Pola\tugas segmentasi sel darah\dataset\masks_origin\290.png
D:\ROSA\Coolyeah\Pengenalan Pola\tugas segmentasi sel darah\dataset\images\291.png,D:\ROSA\Coolyeah\Pengenalan Pola\tugas segmentasi sel darah\dataset\masks_origin\291.png
D:\ROSA\Coolyeah\Pengenalan Pola\tugas segmentasi sel darah\dataset\images\292.png,D:\ROSA\Coolyeah\Pengenalan Pola\tugas segmentasi sel darah\dataset\masks_origin\292.png
D:\ROSA\Coolyeah\Pengenalan Pola\tugas segmentasi sel darah\dataset\images\293.png,D:\ROSA\Coolyeah\Pengenalan Pola\tugas segmentasi sel darah\dataset\masks_origin\293.png
D:\ROSA\Coolyeah\Pengenalan Pola\tugas segmentasi sel darah\dataset\images\294.png,D:\ROSA\Coolyeah\Pengenalan Pola\tugas segmentasi sel darah\dataset\masks_origin\294.png
D:\ROSA\Coolyeah\Pengenalan Pola\tugas segmentasi sel darah\dataset\images\295.png,D:\ROSA\Coolyeah\Pengenalan Pola\tugas segmentasi sel darah\dataset\masks_origin\295.png
D:\ROSA\Coolyeah\Pengenalan Pola\tugas segmentasi sel darah\dataset\images\296.png,D:\ROSA\Coolyeah\Pengenalan Pola\tugas segmentasi sel darah\dataset\masks_origin\296.png
D:\ROSA\Coolyeah\Pengenalan Pola\tugas segmentasi sel darah\dataset\images\297.png,D:\ROSA\Coolyeah\Pengenalan Pola\tugas segmentasi sel darah\dataset\masks_origin\297.png
D:\ROSA\Coolyeah\Pengenalan Pola\tugas segmentasi sel darah\dataset\images\298.png,D:\ROSA\Coolyeah\Pengenalan Pola\tugas segmentasi sel darah\dataset\masks_origin\298.png
D:\ROSA\Coolyeah\Pengenalan Pola\tugas segmentasi sel darah\dataset\images\299.png,D:\ROSA\Coolyeah\Pengenalan Pola\tugas segmentasi sel darah\dataset\masks_origin\299.png
D:\ROSA\Coolyeah\Pengenalan Pola\tugas segmentasi sel darah\dataset\images\300.png,D:\ROSA\Coolyeah\Pengenalan Pola\tugas segmentasi sel darah\dataset\masks_origin\300.png
D:\ROSA\Coolyeah\Pengenalan Pola\tugas segmentasi sel darah\dataset\images\301.png,D:\ROSA\Coolyeah\Pengenalan Pola\tugas segmentasi sel darah\dataset\masks_origin\301.png
D:\ROSA\Coolyeah\Pengenalan Pola\tugas segmentasi sel darah\dataset\images\302.png,D:\ROSA\Coolyeah\Pengenalan Pola\tugas segmentasi sel darah\dataset\masks_origin\302.png
D:\ROSA\Coolyeah\Pengenalan Pola\tugas segmentasi sel darah\dataset\images\303.png,D:\ROSA\Coolyeah\Pengenalan Pola\tugas segmentasi sel darah\dataset\masks_origin\303.png
D:\ROSA\Coolyeah\Pengenalan Pola\tugas segmentasi sel darah\dataset\images\304.png,D:\ROSA\Coolyeah\Pengenalan Pola\tugas segmentasi sel darah\dataset\masks_origin\304.png
D:\ROSA\Coolyeah\Pengenalan Pola\tugas segmentasi sel darah\dataset\images\305.png,D:\ROSA\Coolyeah\Pengenalan Pola\tugas segmentasi sel darah\dataset\masks_origin\305.png
D:\ROSA\Coolyeah\Pengenalan Pola\tugas segmentasi sel darah\dataset\images\306.png,D:\ROSA\Coolyeah\Pengenalan Pola\tugas segmentasi sel darah\dataset\masks_origin\306.png
D:\ROSA\Coolyeah\Pengenalan Pola\tugas segmentasi sel darah\dataset\images\307.png,D:\ROSA\Coolyeah\Pengenalan Pola\tugas segmentasi sel darah\dataset\masks_origin\307.png
D:\ROSA\Coolyeah\Pengenalan Pola\tugas segmentasi sel darah\dataset\images\308.png,D:\ROSA\Coolyeah\Pengenalan Pola\tugas segmentasi sel darah\dataset\masks_origin\308.png
D:\ROSA\Coolyeah\Pengenalan Pola\tugas segmentasi sel darah\dataset\images\309.png,D:\ROSA\Coolyeah\Pengenalan Pola\tugas segmentasi sel darah\dataset\masks_origin\309.png
D:\ROSA\Coolyeah\Pengenalan Pola\tugas segmentasi sel darah\dataset\images\310.png,D:\ROSA\Coolyeah\Pengenalan Pola\tugas segmentasi sel darah\dataset\masks_origin\310.png
D:\ROSA\Coolyeah\Pengenalan Pola\tugas segmentasi sel darah\dataset\images\311.png,D:\ROSA\Coolyeah\Pengenalan Pola\tugas segmentasi sel darah\dataset\masks_origin\311.png
D:\ROSA\Coolyeah\Pengenalan Pola\tugas segmentasi sel darah\dataset\images\312.png,D:\ROSA\Coolyeah\Pengenalan Pola\tugas segmentasi sel darah\dataset\masks_origin\312.png
D:\ROSA\Coolyeah\Pengenalan Pola\tugas segmentasi sel darah\dataset\images\313.png,D:\ROSA\Coolyeah\Pengenalan Pola\tugas segmentasi sel darah\dataset\masks_origin\313.png
D:\ROSA\Coolyeah\Pengenalan Pola\tugas segmentasi sel darah\dataset\images\314.png,D:\ROSA\Coolyeah\Pengenalan Pola\tugas segmentasi sel darah\dataset\masks_origin\314.png
D:\ROSA\Coolyeah\Pengenalan Pola\tugas segmentasi sel darah\dataset\images\315.png,D:\ROSA\Coolyeah\Pengenalan Pola\tugas segmentasi sel darah\dataset\masks_origin\315.png
D:\ROSA\Coolyeah\Pengenalan Pola\tugas segmentasi sel darah\dataset\images\316.png,D:\ROSA\Coolyeah\Pengenalan Pola\tugas segmentasi sel darah\dataset\masks_origin\316.png
D:\ROSA\Coolyeah\Pengenalan Pola\tugas segmentasi sel darah\dataset\images\317.png,D:\ROSA\Coolyeah\Pengenalan Pola\tugas segmentasi sel darah\dataset\masks_origin\317.png
D:\ROSA\Coolyeah\Pengenalan Pola\tugas segmentasi sel darah\dataset\images\318.png,D:\ROSA\Coolyeah\Pengenalan Pola\tugas segmentasi sel darah\dataset\masks_origin\318.png
D:\ROSA\Coolyeah\Pengenalan Pola\tugas segmentasi sel darah\dataset\images\319.png,D:\ROSA\Coolyeah\Pengenalan Pola\tugas segmentasi sel darah\dataset\masks_origin\319.png
D:\ROSA\Coolyeah\Pengenalan Pola\tugas segmentasi sel darah\dataset\images\320.png,D:\ROSA\Coolyeah\Pengenalan Pola\tugas segmentasi sel darah\dataset\masks_origin\320.png
D:\ROSA\Coolyeah\Pengenalan Pola\tugas segmentasi sel darah\dataset\images\321.png,D:\ROSA\Coolyeah\Pengenalan Pola\tugas segmentasi sel darah\dataset\masks_origin\321.png
D:\ROSA\Coolyeah\Pengenalan Pola\tugas segmentasi sel darah\dataset\images\322.png,D:\ROSA\Coolyeah\Pengenalan Pola\tugas segmentasi sel darah\dataset\masks_origin\322.png
D:\ROSA\Coolyeah\Pengenalan Pola\tugas segmentasi sel darah\dataset\images\323.png,D:\ROSA\Coolyeah\Pengenalan Pola\tugas segmentasi sel darah\dataset\masks_origin\323.png
D:\ROSA\Coolyeah\Pengenalan Pola\tugas segmentasi sel darah\dataset\images\324.png,D:\ROSA\Coolyeah\Pengenalan Pola\tugas segmentasi sel darah\dataset\masks_origin\324.png
D:\ROSA\Coolyeah\Pengenalan Pola\tugas segmentasi sel darah\dataset\images\325.png,D:\ROSA\Coolyeah\Pengenalan Pola\tugas segmentasi sel darah\dataset\masks_origin\325.png
D:\ROSA\Coolyeah\Pengenalan Pola\tugas segmentasi sel darah\dataset\images\326.png,D:\ROSA\Coolyeah\Pengenalan Pola\tugas segmentasi sel darah\dataset\masks_origin\326.png
D:\ROSA\Coolyeah\Pengenalan Pola\tugas segmentasi sel darah\dataset\images\327.png,D:\ROSA\Coolyeah\Pengenalan Pola\tugas segmentasi sel darah\dataset\masks_origin\327.png
D:\ROSA\Coolyeah\Pengenalan Pola\tugas segmentasi sel darah\dataset\images\328.png,D:\ROSA\Coolyeah\Pengenalan Pola\tugas segmentasi sel darah\dataset\masks_origin\328.png
D:\ROSA\Coolyeah\Pengenalan Pola\tugas segmentasi sel darah\dataset\images\329.png,D:\ROSA\Coolyeah\Pengenalan Pola\tugas segmentasi sel darah\dataset\masks_origin\329.png
D:\ROSA\Coolyeah\Pengenalan Pola\tugas segmentasi sel darah\dataset\images\330.png,D:\ROSA\Coolyeah\Pengenalan Pola\tugas segmentasi sel darah\dataset\masks_origin\330.png
D:\ROSA\Coolyeah\Pengenalan Pola\tugas segmentasi sel darah\dataset\images\331.png,D:\ROSA\Coolyeah\Pengenalan Pola\tugas segmentasi sel darah\dataset\masks_origin\331.png
D:\ROSA\Coolyeah\Pengenalan Pola\tugas segmentasi sel darah\dataset\images\332.png,D:\ROSA\Coolyeah\Pengenalan Pola\tugas segmentasi sel darah\dataset\masks_origin\332.png
D:\ROSA\Coolyeah\Pengenalan Pola\tugas segmentasi sel darah\dataset\images\333.png,D:\ROSA\Coolyeah\Pengenalan Pola\tugas segmentasi sel darah\dataset\masks_origin\333.png
D:\ROSA\Coolyeah\Pengenalan Pola\tugas segmentasi sel darah\dataset\images\334.png,D:\ROSA\Coolyeah\Pengenalan Pola\tugas segmentasi sel darah\dataset\masks_origin\334.png
D:\ROSA\Coolyeah\Pengenalan Pola\tugas segmentasi sel darah\dataset\images\335.png,D:\ROSA\Coolyeah\Pengenalan Pola\tugas segmentasi sel darah\dataset\masks_origin\335.png
D:\ROSA\Coolyeah\Pengenalan Pola\tugas segmentasi sel darah\dataset\images\336.png,D:\ROSA\Coolyeah\Pengenalan Pola\tugas segmentasi sel darah\dataset\masks_origin\336.png
D:\ROSA\Coolyeah\Pengenalan Pola\tugas segmentasi sel darah\dataset\images\337.png,D:\ROSA\Coolyeah\Pengenalan Pola\tugas segmentasi sel darah\dataset\masks_origin\337.png
D:\ROSA\Coolyeah\Pengenalan Pola\tugas segmentasi sel darah\dataset\images\338.png,D:\ROSA\Coolyeah\Pengenalan Pola\tugas segmentasi sel darah\dataset\masks_origin\338.png
D:\ROSA\Coolyeah\Pengenalan Pola\tugas segmentasi sel darah\dataset\images\339.png,D:\ROSA\Coolyeah\Pengenalan Pola\tugas segmentasi sel darah\dataset\masks_origin\339.png
D:\ROSA\Coolyeah\Pengenalan Pola\tugas segmentasi sel darah\dataset\images\340.png,D:\ROSA\Coolyeah\Pengenalan Pola\tugas segmentasi sel darah\dataset\masks_origin\340.png
D:\ROSA\Coolyeah\Pengenalan Pola\tugas segmentasi sel darah\dataset\images\341.png,D:\ROSA\Coolyeah\Pengenalan Pola\tugas segmentasi sel darah\dataset\masks_origin\341.png
D:\ROSA\Coolyeah\Pengenalan Pola\tugas segmentasi sel darah\dataset\images\342.png,D:\ROSA\Coolyeah\Pengenalan Pola\tugas segmentasi sel darah\dataset\masks_origin\342.png
D:\ROSA\Coolyeah\Pengenalan Pola\tugas segmentasi sel darah\dataset\images\343.png,D:\ROSA\Coolyeah\Pengenalan Pola\tugas segmentasi sel darah\dataset\masks_origin\343.png
D:\ROSA\Coolyeah\Pengenalan Pola\tugas segmentasi sel darah\dataset\images\344.png,D:\ROSA\Coolyeah\Pengenalan Pola\tugas segmentasi sel darah\dataset\masks_origin\344.png
D:\ROSA\Coolyeah\Pengenalan Pola\tugas segmentasi sel darah\dataset\images\345.png,D:\ROSA\Coolyeah\Pengenalan Pola\tugas segmentasi sel darah\dataset\masks_origin\345.png
D:\ROSA\Coolyeah\Pengenalan Pola\tugas segmentasi sel darah\dataset\images\346.png,D:\ROSA\Coolyeah\Pengenalan Pola\tugas segmentasi sel darah\dataset\masks_origin\346.png
D:\ROSA\Coolyeah\Pengenalan Pola\tugas segmentasi sel darah\dataset\images\347.png,D:\ROSA\Coolyeah\Pengenalan Pola\tugas segmentasi sel darah\dataset\masks_origin\347.png
D:\ROSA\Coolyeah\Pengenalan Pola\tugas segmentasi sel darah\dataset\images\348.png,D:\ROSA\Coolyeah\Pengenalan Pola\tugas segmentasi sel darah\dataset\masks_origin\348.png
D:\ROSA\Coolyeah\Pengenalan Pola\tugas segmentasi sel darah\dataset\images\349.png,D:\ROSA\Coolyeah\Pengenalan Pola\tugas segmentasi sel darah\dataset\masks_origin\349.png
D:\ROSA\Coolyeah\Pengenalan Pola\tugas segmentasi sel darah\dataset\images\350.png,D:\ROSA\Coolyeah\Pengenalan Pola\tugas segmentasi sel darah\dataset\masks_origin\350.png
D:\ROSA\Coolyeah\Pengenalan Pola\tugas segmentasi sel darah\dataset\images\351.png,D:\ROSA\Coolyeah\Pengenalan Pola\tugas segmentasi sel darah\dataset\masks_origin\351.png
D:\ROSA\Coolyeah\Pengenalan Pola\tugas segmentasi sel darah\dataset\images\352.png,D:\ROSA\Coolyeah\Pengenalan Pola\tugas segmentasi sel darah\dataset\masks_origin\352.png
D:\ROSA\Coolyeah\Pengenalan Pola\tugas segmentasi sel darah\dataset\images\353.png,D:\ROSA\Coolyeah\Pengenalan Pola\tugas segmentasi sel darah\dataset\masks_origin\353.png
D:\ROSA\Coolyeah\Pengenalan Pola\tugas segmentasi sel darah\dataset\images\354.png,D:\ROSA\Coolyeah\Pengenalan Pola\tugas segmentasi sel darah\dataset\masks_origin\354.png
D:\ROSA\Coolyeah\Pengenalan Pola\tugas segmentasi sel darah\dataset\images\355.png,D:\ROSA\Coolyeah\Pengenalan Pola\tugas segmentasi sel darah\dataset\masks_origin\355.png
D:\ROSA\Coolyeah\Pengenalan Pola\tugas segmentasi sel darah\dataset\images\356.png,D:\ROSA\Coolyeah\Pengenalan Pola\tugas segmentasi sel darah\dataset\masks_origin\356.png
D:\ROSA\Coolyeah\Pengenalan Pola\tugas segmentasi sel darah\dataset\images\357.png,D:\ROSA\Coolyeah\Pengenalan Pola\tugas segmentasi sel darah\dataset\masks_origin\357.png
D:\ROSA\Coolyeah\Pengenalan Pola\tugas segmentasi sel darah\dataset\images\358.png,D:\ROSA\Coolyeah\Pengenalan Pola\tugas segmentasi sel darah\dataset\masks_origin\358.png
D:\ROSA\Coolyeah\Pengenalan Pola\tugas segmentasi sel darah\dataset\images\359.png,D:\ROSA\Coolyeah\Pengenalan Pola\tugas segmentasi sel darah\dataset\masks_origin\359.png
D:\ROSA\Coolyeah\Pengenalan Pola\tugas segmentasi sel darah\dataset\images\360.png,D:\ROSA\Coolyeah\Pengenalan Pola\tugas segmentasi sel darah\dataset\masks_origin\360.png
D:\ROSA\Coolyeah\Pengenalan Pola\tugas segmentasi sel darah\dataset\images\361.png,D:\ROSA\Coolyeah\Pengenalan Pola\tugas segmentasi sel darah\dataset\masks_origin\361.png
D:\ROSA\Coolyeah\Pengenalan Pola\tugas segmentasi sel darah\dataset\images\362.png,D:\ROSA\Coolyeah\Pengenalan Pola\tugas segmentasi sel darah\dataset\masks_origin\362.png
D:\ROSA\Coolyeah\Pengenalan Pola\tugas segmentasi sel darah\dataset\images\363.png,D:\ROSA\Coolyeah\Pengenalan Pola\tugas segmentasi sel darah\dataset\masks_origin\363.png
D:\ROSA\Coolyeah\Pengenalan Pola\tugas segmentasi sel darah\dataset\images\364.png,D:\ROSA\Coolyeah\Pengenalan Pola\tugas segmentasi sel darah\dataset\masks_origin\364.png
D:\ROSA\Coolyeah\Pengenalan Pola\tugas segmentasi sel darah\dataset\images\365.png,D:\ROSA\Coolyeah\Pengenalan Pola\tugas segmentasi sel darah\dataset\masks_origin\365.png
D:\ROSA\Coolyeah\Pengenalan Pola\tugas segmentasi sel darah\dataset\images\366.png,D:\ROSA\Coolyeah\Pengenalan Pola\tugas segmentasi sel darah\dataset\masks_origin\366.png
